,code_tag,llm_used,prompt_version,query_id,query_run,sql_query,tab_schema,label,query_gen_time,query_gen_date,query_results,query_error,sql_time,sql_date,r_row,p_row,r_col,p_col,N_perfect_row,N_perfect_col
0,0.16.0,,,8,0,"
SELECT
    *
FROM
    object
INNER JOIN
    probability
ON
    object.oid = probability.oid
WHERE
    object.firstMJD > 60173.0
    and object.firstMJD < 60177.0
    AND probability.class_name='SN'
    AND probability.classifier_name='stamp_classifier'
    AND probability.ranking=1
    AND (probability.probability>0.5
    OR object.ndet>1)
",,,,,"[              oid  ndethist  ncovhist  mjdstarthist    mjdendhist  corrected  \
0    ZTF23aaygkbn         1       805  60173.250000  60173.250000       True   
1    ZTF23aaygleo         1       801  60173.250000  60173.250000       True   
2    ZTF21abvqbxd        35      4229  58290.250000  60173.250000      False   
3    ZTF18aaoihga        40      3828  58231.500000  60173.250000      False   
4    ZTF19abvashq        62      4100  58284.277732  60532.194178      False   
..            ...       ...       ...           ...           ...        ...   
179  ZTF23aazhofz         2      1852  59788.250000  60175.250000       True   
180  ZTF23aazhlya         8      2799  60175.250000  60194.250000       True   
181  ZTF23aazvaet         2      1895  60175.250000  60182.250000       True   
182  ZTF18aanykdg        16      3532  58230.500000  60175.250000       True   
183  ZTF20abkrbep        18      5024  58230.283079  60465.343935       True   

     stellar  ndet   g_r_max  g_r_max_corr  ...      firstmjd       lastmjd  \
0      False     1       NaN           NaN  ...  60173.169005  60173.169005   
1      False     1       NaN           NaN  ...  60173.169005  60173.169005   
2      False     1       NaN           NaN  ...  60173.176100  60173.176100   
3      False     1       NaN           NaN  ...  60173.178461  60173.178461   
4      False     6       NaN           NaN  ...  60173.180822  60532.194178   
..       ...   ...       ...           ...  ...           ...           ...   
179    False     1       NaN           NaN  ...  60175.181007  60175.181007   
180    False     8 -0.032068      0.637914  ...  60175.184363  60194.201111   
181     True     2       NaN           NaN  ...  60175.192697  60182.239526   
182    False     1       NaN           NaN  ...  60175.194340  60175.194340   
183     True     2       NaN           NaN  ...  60175.185301  60465.343935   

     step_id_corr  diffpos  reference_change   classifier_name  \
0           1.2.0     True             False  stamp_classifier   
1           1.2.0     True             False  stamp_classifier   
2           1.2.0     True             False  stamp_classifier   
3           1.2.0     True             False  stamp_classifier   
4        24.5.2a6     True             False  stamp_classifier   
..            ...      ...               ...               ...   
179         1.2.0     True             False  stamp_classifier   
180         1.2.0     True             False  stamp_classifier   
181         1.2.0     True             False  stamp_classifier   
182         1.2.0     True             False  stamp_classifier   
183        24.5.1     True             False  stamp_classifier   

         classifier_version  class_name  probability ranking  
0    stamp_classifier_1.0.4          SN     0.639198       1  
1    stamp_classifier_1.0.4          SN     0.514766       1  
2    stamp_classifier_1.0.4          SN     0.526146       1  
3    stamp_classifier_1.0.4          SN     0.657241       1  
4    stamp_classifier_1.0.4          SN     0.306560       1  
..                      ...         ...          ...     ...  
179  stamp_classifier_1.0.4          SN     0.622088       1  
180  stamp_classifier_1.0.4          SN     0.698527       1  
181  stamp_classifier_1.0.4          SN     0.631699       1  
182  stamp_classifier_1.0.4          SN     0.569558       1  
183  stamp_classifier_1.0.4          SN     0.317975       1  

[184 rows x 27 columns]]",,4.302566289901733,2025-05-07T01:16:28,1,1,1,1,1,1
1,0.16.0,gpt-4o,v1,8,1,"
SELECT * 
FROM probability 
INNER JOIN object ON probability.oid = object.oid
WHERE probability.class_name = 'SN' 
  AND probability.classifier_name = 'stamp_classifier'
  AND probability.probability > 0.5
  AND object.firstmjd BETWEEN 59440 AND 59444  -- Julian dates for August 17 to August 21, 2021
  AND (object.ndet >= 2 OR probability.probability > 0.5)
","['\nCREATE TABLE object ( /* this is the most important table. It contains the main statistics of an object, independent of time and band */\n    oid VARCHAR PRIMARY KEY,  /* object identifier, from the ZTF */\n    deltajd DOUBLE PRECISION, /* time difference between last and first detection */\n    firstmjd DOUBLE PRECISION, /* time of first detection */\n    lastmjd DOUBLE PRECISION, /* time of last detection */\n    ndethist INTEGER,  /* number of posible detections above 3 sigma */\n    ncovhist INTEGER,  /* number of visits */\n    mjdstarthist DOUBLE PRECISION,  /* time of first observation even if not detected, Earliest Julian date of epoch corresponding to ndethist [days]*/\n    mjdendhist DOUBLE PRECISION, /* time of last observation even if not detected, Latest Julian date of epoch corresponding to ndethist [days] */\n    corrected BOOLEAN, /* whether the object was corrected */\n    stellar BOOLEAN, /* whether the object is likely psf shaped */\n    ndet INTEGER, /* total number of detections for the object */\n    g_r_max DOUBLE PRECISION, /* g-r difference color at maximum */\n    g_r_max_corr DOUBLE PRECISION, /* g-r color at maximum*/\n    g_r_mean DOUBLE PRECISION, /* mean g-r difference color */\n    g_r_mean_corr DOUBLE PRECISION, /* mean g-r color */\n    meanra DOUBLE PRECISION,  /* mean right ascension */\n    meandec DOUBLE PRECISION,  /* mean declination */\n    sigmara DOUBLE PRECISION, /* right ascension dispersion */\n    sigmadec DOUBLE PRECISION, /* declination dispersion */\n    step_id_corr VARCHAR, /* correction step pipeline version */\n    diffpos BOOLEAN, /* whether the first detection was positive or negative */\n    reference_change BOOLEAN /* whether the reference image changes */\n);\nCREATE INDEX ix_object_ndet ON object USING btree (ndet);\nCREATE INDEX ix_object_firstmjd ON object USING btree (firstmjd);\nCREATE INDEX ix_object_g_r_max ON object USING btree (g_r_max);\nCREATE INDEX ix_object_g_r_mean_corr ON object USING btree (g_r_mean_corr);\nCREATE INDEX ix_object_meanra ON object USING btree (meanra);\nCREATE INDEX ix_object_meandec ON object USING btree (meandec);\n', 'CREATE TABLE probability ( /* this table contains the machine learning derived classification probabilities and rankings */\n    oid VARCHAR REFERENCES object(oid), /* unique object identifier */\n    class_name VARCHAR, /* name of the class */\n    classifier_name VARCHAR, /* name of the classifier */\n    classifier_version VARCHAR, /* version of the classiifer */\n    probability DOUBLE PRECISION NOT NULL, /* probability of the class given a classifier and version */\n    ranking INTEGER NOT NULL, /* class probability ranking (1 is the most likely class) */\n    PRIMARY KEY (oid, class_name, classifier_name, classifier_version)\n);\nCREATE INDEX ix_probabilities_oid ON probability USING hash (oid);\nCREATE INDEX ix_probabilities_probability ON probability USING btree (probability);\nCREATE INDEX ix_probabilities_ranking ON probability USING btree (ranking);\nCREATE INDEX ix_classification_rank1 ON probability USING btree (ranking) WHERE (ranking = 1);\n', 'CREATE TABLE detection (  /* this table contains information about the object detections, or its light curve. Avoid doing filters on this table in any parameter other than oid */\n    candid BIGINT PRIMARY KEY, /* unique candidate identifier */\n    oid VARCHAR REFERENCES object(oid), /* unique object identifier */\n    mjd DOUBLE PRECISION NOT NULL, /* time of detection in modified julian date */\n    fid INTEGER NOT NULL, /* filter identifier  (1=g; 2=r; 3=i)*/\n    pid FLOAT NOT NULL, /* program identifier */\n    diffmaglim DOUBLE PRECISION, /* limiting difference magnitud */\n    isdiffpos INTEGER NOT NULL, /* whether the difference is positive or negative */\n    nid INTEGER, /* unique night identifier */\n    ra DOUBLE PRECISION NOT NULL, /* inferred right ascension */\n    dec DOUBLE PRECISION NOT NULL, /* inferred declination */\n    magpsf DOUBLE PRECISION NOT NULL, /* point spread function (psf) difference magnitude */\n    sigmapsf DOUBLE PRECISION NOT NULL, /* psf difference magnitude error */\n    magap DOUBLE PRECISION, /* aperture difference magnitude */\n    sigmagap DOUBLE PRECISION, /* aperture difference magnitud error */\n    distnr DOUBLE PRECISION, /* distance to the nearest source in the reference image */\n    rb DOUBLE PRECISION, /* ZTF real bogus score */\n    rbversion VARCHAR, /* version of the ZTF real bogus score */\n    drb DOUBLE PRECISION, /* ZTF deep learning based real bogus score */\n    drbversion VARCHAR, /* versio  of the ZTF deep learning based real bogus score */\n    magapbig DOUBLE PRECISION, /* large aperture magnitude */\n    sigmagapbig DOUBLE PRECISION, /* large aperture magnitude error */\n    rfid INTEGER, /* identifier of the reference image used for the difference image */\n    magpsf_corr DOUBLE PRECISION, /* apparent magnitude (corrected difference magnitude) */\n    sigmapsf_corr DOUBLE PRECISION, /* error of the apparent magnitude assuming point like source */\n    sigmapsf_corr_ext DOUBLE PRECISION, /* error of the apparent magnitude assuming extended source */\n    corrected BOOLEAN NOT NULL, /* whether the object’s magnitude was corrected */\n    dubious BOOLEAN NOT NULL, /* whether the object is dubious or not */\n    parent_candid BIGINT, /* identifier of the candidate where this information was generated (this happens if the given detection does not pass the real bogus filter, but a later detection does */\n    has_stamp BOOLEAN NOT NULL, /* whether the candidate has an associated image stamp (same as before */\n    step_id_corr VARCHAR NOT NULL /* identifier of the correction step */\n);\nCREATE INDEX ix_ndetection_oid ON detection USING hash (oid);\n']",medium,13.512856245040894,2025-04-28T23:34:39,"[              oid   classifier_name      classifier_version class_name  \
0    ZTF21abtejox  stamp_classifier  stamp_classifier_1.0.4         SN   
1    ZTF21abutvjn  stamp_classifier  stamp_classifier_1.0.4         SN   
2    ZTF21abtesqc  stamp_classifier  stamp_classifier_1.0.4         SN   
3    ZTF21abteuaa  stamp_classifier  stamp_classifier_1.0.4         SN   
4    ZTF21abteuck  stamp_classifier  stamp_classifier_1.0.4         SN   
..            ...               ...                     ...        ...   
334  ZTF21abxcmil  stamp_classifier  stamp_classifier_1.0.4         SN   
335  ZTF21abvwwqq  stamp_classifier  stamp_classifier_1.0.4         SN   
336  ZTF21abvwwgs  stamp_classifier  stamp_classifier_1.0.4         SN   
337  ZTF21abufjnr  stamp_classifier  stamp_classifier_1.0.4         SN   
338  ZTF21abvdltv  stamp_classifier  stamp_classifier_1.0.4         SN   

     probability  ranking  ndethist  ncovhist  mjdstarthist    mjdendhist  \
0       0.529095        1         1       489  59440.205197  59440.205197   
1       0.857029        1        96      5298  59439.220787  59464.286019   
2       0.549392        1         1       786  59440.232095  59440.232095   
3       0.749310        1         9       832  58666.317245  59440.235868   
4       0.828872        1         1      1221  59440.236343  59440.236343   
..           ...      ...       ...       ...           ...           ...   
334     0.662962        1        12       655  59443.354120  59463.317604   
335     0.674082        1        23       454  58423.241701  59470.399294   
336     0.682571        1         6       279  59443.461377  59469.376273   
337     0.619830        1         1       660  59443.490914  59443.490914   
338     0.506918        1        15      1173  59443.501690  59466.474282   

     ...      meanra    meandec   sigmara  sigmadec    deltajd      firstmjd  \
0    ...  236.856718  -1.634621       NaN       NaN   0.000000  59440.205197   
1    ...  252.004023  63.415915  0.000109  0.000053  24.065463  59440.220556   
2    ...  301.175785  -3.955767       NaN       NaN   0.000000  59440.232095   
3    ...  307.429357  10.671598       NaN       NaN   0.000000  59440.235868   
4    ...  305.716111  18.670238       NaN       NaN   0.000000  59440.236343   
..   ...         ...        ...       ...       ...        ...           ...   
334  ...    5.849329   1.555741  0.000022  0.000065  19.963484  59443.354120   
335  ...   13.348513 -18.165224  0.000045  0.000036  26.938391  59443.460903   
336  ...   20.362105 -27.456790  0.000044  0.000039  25.914896  59443.461377   
337  ...   97.162826  40.439433       NaN       NaN   0.000000  59443.490914   
338  ...  105.919604  18.306382  0.000080  0.000114  22.972593  59443.501690   

          lastmjd      step_id_corr  diffpos  reference_change  
0    59440.205197  correction_1.0.6     True             False  
1    59464.286019  correction_1.0.6     True             False  
2    59440.232095  correction_1.0.6     True             False  
3    59440.235868  correction_1.0.6     True             False  
4    59440.236343  correction_1.0.6     True             False  
..            ...               ...      ...               ...  
334  59463.317604  correction_1.0.6     True             False  
335  59470.399294  correction_1.0.6     True             False  
336  59469.376273  correction_1.0.6     True             False  
337  59443.490914  correction_1.0.6     True             False  
338  59466.474282  correction_1.0.6     True             False  

[339 rows x 27 columns]]",,4.565808296203613,2025-05-07T01:16:32,0.0,0.0,1.0,1.0,0,1
2,0.16.0,gpt-4o,v1,8,2,"
SELECT * 
FROM object 
INNER JOIN probability ON object.oid = probability.oid
WHERE probability.class_name = 'SN'
  AND probability.classifier_name = 'stamp_classifier'
  AND probability.ranking = 1
  AND object.firstmjd BETWEEN 60000 AND 60004  -- Replace with actual Julian dates for August 17 to August 21, 2023
  AND (probability.probability > 0.5 OR object.ndet >= 2)
","['\nCREATE TABLE object ( /* this is the most important table. It contains the main statistics of an object, independent of time and band */\n    oid VARCHAR PRIMARY KEY,  /* object identifier, from the ZTF */\n    deltajd DOUBLE PRECISION, /* time difference between last and first detection */\n    firstmjd DOUBLE PRECISION, /* time of first detection */\n    lastmjd DOUBLE PRECISION, /* time of last detection */\n    ndethist INTEGER,  /* number of posible detections above 3 sigma */\n    ncovhist INTEGER,  /* number of visits */\n    mjdstarthist DOUBLE PRECISION,  /* time of first observation even if not detected, Earliest Julian date of epoch corresponding to ndethist [days]*/\n    mjdendhist DOUBLE PRECISION, /* time of last observation even if not detected, Latest Julian date of epoch corresponding to ndethist [days] */\n    corrected BOOLEAN, /* whether the object was corrected */\n    stellar BOOLEAN, /* whether the object is likely psf shaped */\n    ndet INTEGER, /* total number of detections for the object */\n    g_r_max DOUBLE PRECISION, /* g-r difference color at maximum */\n    g_r_max_corr DOUBLE PRECISION, /* g-r color at maximum*/\n    g_r_mean DOUBLE PRECISION, /* mean g-r difference color */\n    g_r_mean_corr DOUBLE PRECISION, /* mean g-r color */\n    meanra DOUBLE PRECISION,  /* mean right ascension */\n    meandec DOUBLE PRECISION,  /* mean declination */\n    sigmara DOUBLE PRECISION, /* right ascension dispersion */\n    sigmadec DOUBLE PRECISION, /* declination dispersion */\n    step_id_corr VARCHAR, /* correction step pipeline version */\n    diffpos BOOLEAN, /* whether the first detection was positive or negative */\n    reference_change BOOLEAN /* whether the reference image changes */\n);\nCREATE INDEX ix_object_ndet ON object USING btree (ndet);\nCREATE INDEX ix_object_firstmjd ON object USING btree (firstmjd);\nCREATE INDEX ix_object_g_r_max ON object USING btree (g_r_max);\nCREATE INDEX ix_object_g_r_mean_corr ON object USING btree (g_r_mean_corr);\nCREATE INDEX ix_object_meanra ON object USING btree (meanra);\nCREATE INDEX ix_object_meandec ON object USING btree (meandec);\n', 'CREATE TABLE probability ( /* this table contains the machine learning derived classification probabilities and rankings */\n    oid VARCHAR REFERENCES object(oid), /* unique object identifier */\n    class_name VARCHAR, /* name of the class */\n    classifier_name VARCHAR, /* name of the classifier */\n    classifier_version VARCHAR, /* version of the classiifer */\n    probability DOUBLE PRECISION NOT NULL, /* probability of the class given a classifier and version */\n    ranking INTEGER NOT NULL, /* class probability ranking (1 is the most likely class) */\n    PRIMARY KEY (oid, class_name, classifier_name, classifier_version)\n);\nCREATE INDEX ix_probabilities_oid ON probability USING hash (oid);\nCREATE INDEX ix_probabilities_probability ON probability USING btree (probability);\nCREATE INDEX ix_probabilities_ranking ON probability USING btree (ranking);\nCREATE INDEX ix_classification_rank1 ON probability USING btree (ranking) WHERE (ranking = 1);\n', 'CREATE TABLE detection (  /* this table contains information about the object detections, or its light curve. Avoid doing filters on this table in any parameter other than oid */\n    candid BIGINT PRIMARY KEY, /* unique candidate identifier */\n    oid VARCHAR REFERENCES object(oid), /* unique object identifier */\n    mjd DOUBLE PRECISION NOT NULL, /* time of detection in modified julian date */\n    fid INTEGER NOT NULL, /* filter identifier  (1=g; 2=r; 3=i)*/\n    pid FLOAT NOT NULL, /* program identifier */\n    diffmaglim DOUBLE PRECISION, /* limiting difference magnitud */\n    isdiffpos INTEGER NOT NULL, /* whether the difference is positive or negative */\n    nid INTEGER, /* unique night identifier */\n    ra DOUBLE PRECISION NOT NULL, /* inferred right ascension */\n    dec DOUBLE PRECISION NOT NULL, /* inferred declination */\n    magpsf DOUBLE PRECISION NOT NULL, /* point spread function (psf) difference magnitude */\n    sigmapsf DOUBLE PRECISION NOT NULL, /* psf difference magnitude error */\n    magap DOUBLE PRECISION, /* aperture difference magnitude */\n    sigmagap DOUBLE PRECISION, /* aperture difference magnitud error */\n    distnr DOUBLE PRECISION, /* distance to the nearest source in the reference image */\n    rb DOUBLE PRECISION, /* ZTF real bogus score */\n    rbversion VARCHAR, /* version of the ZTF real bogus score */\n    drb DOUBLE PRECISION, /* ZTF deep learning based real bogus score */\n    drbversion VARCHAR, /* versio  of the ZTF deep learning based real bogus score */\n    magapbig DOUBLE PRECISION, /* large aperture magnitude */\n    sigmagapbig DOUBLE PRECISION, /* large aperture magnitude error */\n    rfid INTEGER, /* identifier of the reference image used for the difference image */\n    magpsf_corr DOUBLE PRECISION, /* apparent magnitude (corrected difference magnitude) */\n    sigmapsf_corr DOUBLE PRECISION, /* error of the apparent magnitude assuming point like source */\n    sigmapsf_corr_ext DOUBLE PRECISION, /* error of the apparent magnitude assuming extended source */\n    corrected BOOLEAN NOT NULL, /* whether the object’s magnitude was corrected */\n    dubious BOOLEAN NOT NULL, /* whether the object is dubious or not */\n    parent_candid BIGINT, /* identifier of the candidate where this information was generated (this happens if the given detection does not pass the real bogus filter, but a later detection does */\n    has_stamp BOOLEAN NOT NULL, /* whether the candidate has an associated image stamp (same as before */\n    step_id_corr VARCHAR NOT NULL /* identifier of the correction step */\n);\nCREATE INDEX ix_ndetection_oid ON detection USING hash (oid);\n']",medium,10.834654569625854,2025-04-28T23:34:50,"[Empty DataFrame
Columns: [oid, ndethist, ncovhist, mjdstarthist, mjdendhist, corrected, stellar, ndet, g_r_max, g_r_max_corr, g_r_mean, g_r_mean_corr, meanra, meandec, sigmara, sigmadec, deltajd, firstmjd, lastmjd, step_id_corr, diffpos, reference_change, classifier_name, classifier_version, class_name, probability, ranking]
Index: []

[0 rows x 27 columns]]",,3.379636764526367,2025-05-07T01:16:36,0,0,1.0,1.0,0,1
3,0.16.0,gpt-4o,v1,8,3,,,,,,,,,,,,,,,
4,0.16.0,gpt-4o,v1,8,4,,,,,,,,,,,,,,,
5,0.16.0,gpt-4o,v1,8,5,,,,,,,,,,,,,,,
6,0.16.0,gpt-4o,v1,8,6,,,,,,,,,,,,,,,
7,0.16.0,gpt-4o,v1,8,7,,,,,,,,,,,,,,,
8,0.16.0,gpt-4o,v1,8,8,,,,,,,,,,,,,,,
9,0.16.0,gpt-4o,v1,8,9,,,,,,,,,,,,,,,
10,0.16.0,gpt-4o,v1,8,10,,,,,,,,,,,,,,,
11,0.16.0,,,27,0,,,,,,,,,,,,,,,
12,0.16.0,gpt-4o,v1,27,1,,,,,,,,,,,,,,,
13,0.16.0,gpt-4o,v1,27,2,,,,,,,,,,,,,,,
14,0.16.0,gpt-4o,v1,27,3,,,,,,,,,,,,,,,
15,0.16.0,gpt-4o,v1,27,4,,,,,,,,,,,,,,,
16,0.16.0,gpt-4o,v1,27,5,,,,,,,,,,,,,,,
17,0.16.0,gpt-4o,v1,27,6,,,,,,,,,,,,,,,
18,0.16.0,gpt-4o,v1,27,7,,,,,,,,,,,,,,,
19,0.16.0,gpt-4o,v1,27,8,,,,,,,,,,,,,,,
20,0.16.0,gpt-4o,v1,27,9,,,,,,,,,,,,,,,
21,0.16.0,gpt-4o,v1,27,10,,,,,,,,,,,,,,,
22,0.16.0,,,17,0,,,,,,,,,,,,,,,
23,0.16.0,gpt-4o,v1,17,1,,,,,,,,,,,,,,,
24,0.16.0,gpt-4o,v1,17,2,,,,,,,,,,,,,,,
25,0.16.0,gpt-4o,v1,17,3,,,,,,,,,,,,,,,
26,0.16.0,gpt-4o,v1,17,4,,,,,,,,,,,,,,,
27,0.16.0,gpt-4o,v1,17,5,,,,,,,,,,,,,,,
28,0.16.0,gpt-4o,v1,17,6,,,,,,,,,,,,,,,
29,0.16.0,gpt-4o,v1,17,7,,,,,,,,,,,,,,,
30,0.16.0,gpt-4o,v1,17,8,,,,,,,,,,,,,,,
31,0.16.0,gpt-4o,v1,17,9,,,,,,,,,,,,,,,
32,0.16.0,gpt-4o,v1,17,10,,,,,,,,,,,,,,,
33,0.16.0,,,37,0,,,,,,,,,,,,,,,
34,0.16.0,gpt-4o,v1,37,1,,,,,,,,,,,,,,,
35,0.16.0,gpt-4o,v1,37,2,,,,,,,,,,,,,,,
36,0.16.0,gpt-4o,v1,37,3,,,,,,,,,,,,,,,
37,0.16.0,gpt-4o,v1,37,4,,,,,,,,,,,,,,,
38,0.16.0,gpt-4o,v1,37,5,,,,,,,,,,,,,,,
39,0.16.0,gpt-4o,v1,37,6,,,,,,,,,,,,,,,
40,0.16.0,gpt-4o,v1,37,7,,,,,,,,,,,,,,,
41,0.16.0,gpt-4o,v1,37,8,,,,,,,,,,,,,,,
42,0.16.0,gpt-4o,v1,37,9,,,,,,,,,,,,,,,
43,0.16.0,gpt-4o,v1,37,10,,,,,,,,,,,,,,,
44,0.16.0,,,34,0,,,,,,,,,,,,,,,
45,0.16.0,gpt-4o,v1,34,1,,,,,,,,,,,,,,,
46,0.16.0,gpt-4o,v1,34,2,,,,,,,,,,,,,,,
47,0.16.0,gpt-4o,v1,34,3,,,,,,,,,,,,,,,
48,0.16.0,gpt-4o,v1,34,4,,,,,,,,,,,,,,,
49,0.16.0,gpt-4o,v1,34,5,,,,,,,,,,,,,,,
50,0.16.0,gpt-4o,v1,34,6,,,,,,,,,,,,,,,
51,0.16.0,gpt-4o,v1,34,7,,,,,,,,,,,,,,,
52,0.16.0,gpt-4o,v1,34,8,,,,,,,,,,,,,,,
53,0.16.0,gpt-4o,v1,34,9,,,,,,,,,,,,,,,
54,0.16.0,gpt-4o,v1,34,10,,,,,,,,,,,,,,,
55,0.16.0,,,1,0,,,,,,,,,,,,,,,
56,0.16.0,gpt-4o,v1,1,1,,,,,,,,,,,,,,,
57,0.16.0,gpt-4o,v1,1,2,,,,,,,,,,,,,,,
58,0.16.0,gpt-4o,v1,1,3,,,,,,,,,,,,,,,
59,0.16.0,gpt-4o,v1,1,4,,,,,,,,,,,,,,,
60,0.16.0,gpt-4o,v1,1,5,,,,,,,,,,,,,,,
61,0.16.0,gpt-4o,v1,1,6,,,,,,,,,,,,,,,
62,0.16.0,gpt-4o,v1,1,7,,,,,,,,,,,,,,,
63,0.16.0,gpt-4o,v1,1,8,,,,,,,,,,,,,,,
64,0.16.0,gpt-4o,v1,1,9,,,,,,,,,,,,,,,
65,0.16.0,gpt-4o,v1,1,10,,,,,,,,,,,,,,,
66,0.16.0,,,16,0,,,,,,,,,,,,,,,
67,0.16.0,gpt-4o,v1,16,1,,,,,,,,,,,,,,,
68,0.16.0,gpt-4o,v1,16,2,,,,,,,,,,,,,,,
69,0.16.0,gpt-4o,v1,16,3,,,,,,,,,,,,,,,
70,0.16.0,gpt-4o,v1,16,4,,,,,,,,,,,,,,,
71,0.16.0,gpt-4o,v1,16,5,,,,,,,,,,,,,,,
72,0.16.0,gpt-4o,v1,16,6,,,,,,,,,,,,,,,
73,0.16.0,gpt-4o,v1,16,7,,,,,,,,,,,,,,,
74,0.16.0,gpt-4o,v1,16,8,,,,,,,,,,,,,,,
75,0.16.0,gpt-4o,v1,16,9,,,,,,,,,,,,,,,
76,0.16.0,gpt-4o,v1,16,10,,,,,,,,,,,,,,,
77,0.16.0,,,19,0,,,,,,,,,,,,,,,
78,0.16.0,gpt-4o,v1,19,1,,,,,,,,,,,,,,,
79,0.16.0,gpt-4o,v1,19,2,,,,,,,,,,,,,,,
80,0.16.0,gpt-4o,v1,19,3,,,,,,,,,,,,,,,
81,0.16.0,gpt-4o,v1,19,4,,,,,,,,,,,,,,,
82,0.16.0,gpt-4o,v1,19,5,,,,,,,,,,,,,,,
83,0.16.0,gpt-4o,v1,19,6,,,,,,,,,,,,,,,
84,0.16.0,gpt-4o,v1,19,7,,,,,,,,,,,,,,,
85,0.16.0,gpt-4o,v1,19,8,,,,,,,,,,,,,,,
86,0.16.0,gpt-4o,v1,19,9,,,,,,,,,,,,,,,
87,0.16.0,gpt-4o,v1,19,10,,,,,,,,,,,,,,,
88,0.16.0,,,14,0,,,,,,,,,,,,,,,
89,0.16.0,gpt-4o,v1,14,1,,,,,,,,,,,,,,,
90,0.16.0,gpt-4o,v1,14,2,,,,,,,,,,,,,,,
91,0.16.0,gpt-4o,v1,14,3,,,,,,,,,,,,,,,
92,0.16.0,gpt-4o,v1,14,4,,,,,,,,,,,,,,,
93,0.16.0,gpt-4o,v1,14,5,,,,,,,,,,,,,,,
94,0.16.0,gpt-4o,v1,14,6,,,,,,,,,,,,,,,
95,0.16.0,gpt-4o,v1,14,7,,,,,,,,,,,,,,,
96,0.16.0,gpt-4o,v1,14,8,,,,,,,,,,,,,,,
97,0.16.0,gpt-4o,v1,14,9,,,,,,,,,,,,,,,
98,0.16.0,gpt-4o,v1,14,10,,,,,,,,,,,,,,,
99,0.16.0,,,30,0,,,,,,,,,,,,,,,
100,0.16.0,gpt-4o,v1,30,1,,,,,,,,,,,,,,,
101,0.16.0,gpt-4o,v1,30,2,,,,,,,,,,,,,,,
102,0.16.0,gpt-4o,v1,30,3,,,,,,,,,,,,,,,
103,0.16.0,gpt-4o,v1,30,4,,,,,,,,,,,,,,,
104,0.16.0,gpt-4o,v1,30,5,,,,,,,,,,,,,,,
105,0.16.0,gpt-4o,v1,30,6,,,,,,,,,,,,,,,
106,0.16.0,gpt-4o,v1,30,7,,,,,,,,,,,,,,,
107,0.16.0,gpt-4o,v1,30,8,,,,,,,,,,,,,,,
108,0.16.0,gpt-4o,v1,30,9,,,,,,,,,,,,,,,
109,0.16.0,gpt-4o,v1,30,10,,,,,,,,,,,,,,,
110,0.16.0,,,22,0,,,,,,,,,,,,,,,
111,0.16.0,gpt-4o,v1,22,1,,,,,,,,,,,,,,,
112,0.16.0,gpt-4o,v1,22,2,,,,,,,,,,,,,,,
113,0.16.0,gpt-4o,v1,22,3,,,,,,,,,,,,,,,
114,0.16.0,gpt-4o,v1,22,4,,,,,,,,,,,,,,,
115,0.16.0,gpt-4o,v1,22,5,,,,,,,,,,,,,,,
116,0.16.0,gpt-4o,v1,22,6,,,,,,,,,,,,,,,
117,0.16.0,gpt-4o,v1,22,7,,,,,,,,,,,,,,,
118,0.16.0,gpt-4o,v1,22,8,,,,,,,,,,,,,,,
119,0.16.0,gpt-4o,v1,22,9,,,,,,,,,,,,,,,
120,0.16.0,gpt-4o,v1,22,10,,,,,,,,,,,,,,,
121,0.16.0,,,12,0,,,,,,,,,,,,,,,
122,0.16.0,gpt-4o,v1,12,1,,,,,,,,,,,,,,,
123,0.16.0,gpt-4o,v1,12,2,,,,,,,,,,,,,,,
124,0.16.0,gpt-4o,v1,12,3,,,,,,,,,,,,,,,
125,0.16.0,gpt-4o,v1,12,4,,,,,,,,,,,,,,,
126,0.16.0,gpt-4o,v1,12,5,,,,,,,,,,,,,,,
127,0.16.0,gpt-4o,v1,12,6,,,,,,,,,,,,,,,
128,0.16.0,gpt-4o,v1,12,7,,,,,,,,,,,,,,,
129,0.16.0,gpt-4o,v1,12,8,,,,,,,,,,,,,,,
130,0.16.0,gpt-4o,v1,12,9,,,,,,,,,,,,,,,
131,0.16.0,gpt-4o,v1,12,10,,,,,,,,,,,,,,,
132,0.16.0,,,57,0,,,,,,,,,,,,,,,
133,0.16.0,gpt-4o,v1,57,1,,,,,,,,,,,,,,,
134,0.16.0,gpt-4o,v1,57,2,,,,,,,,,,,,,,,
135,0.16.0,gpt-4o,v1,57,3,,,,,,,,,,,,,,,
136,0.16.0,gpt-4o,v1,57,4,,,,,,,,,,,,,,,
137,0.16.0,gpt-4o,v1,57,5,,,,,,,,,,,,,,,
138,0.16.0,gpt-4o,v1,57,6,,,,,,,,,,,,,,,
139,0.16.0,gpt-4o,v1,57,7,,,,,,,,,,,,,,,
140,0.16.0,gpt-4o,v1,57,8,,,,,,,,,,,,,,,
141,0.16.0,gpt-4o,v1,57,9,,,,,,,,,,,,,,,
142,0.16.0,gpt-4o,v1,57,10,,,,,,,,,,,,,,,
143,0.16.0,,,75,0,,,,,,,,,,,,,,,
144,0.16.0,gpt-4o,v1,75,1,,,,,,,,,,,,,,,
145,0.16.0,gpt-4o,v1,75,2,,,,,,,,,,,,,,,
146,0.16.0,gpt-4o,v1,75,3,,,,,,,,,,,,,,,
147,0.16.0,gpt-4o,v1,75,4,,,,,,,,,,,,,,,
148,0.16.0,gpt-4o,v1,75,5,,,,,,,,,,,,,,,
149,0.16.0,gpt-4o,v1,75,6,,,,,,,,,,,,,,,
150,0.16.0,gpt-4o,v1,75,7,,,,,,,,,,,,,,,
151,0.16.0,gpt-4o,v1,75,8,,,,,,,,,,,,,,,
152,0.16.0,gpt-4o,v1,75,9,,,,,,,,,,,,,,,
153,0.16.0,gpt-4o,v1,75,10,,,,,,,,,,,,,,,
154,0.16.0,,,43,0,,,,,,,,,,,,,,,
155,0.16.0,gpt-4o,v1,43,1,,,,,,,,,,,,,,,
156,0.16.0,gpt-4o,v1,43,2,,,,,,,,,,,,,,,
157,0.16.0,gpt-4o,v1,43,3,,,,,,,,,,,,,,,
158,0.16.0,gpt-4o,v1,43,4,,,,,,,,,,,,,,,
159,0.16.0,gpt-4o,v1,43,5,,,,,,,,,,,,,,,
160,0.16.0,gpt-4o,v1,43,6,,,,,,,,,,,,,,,
161,0.16.0,gpt-4o,v1,43,7,,,,,,,,,,,,,,,
162,0.16.0,gpt-4o,v1,43,8,,,,,,,,,,,,,,,
163,0.16.0,gpt-4o,v1,43,9,,,,,,,,,,,,,,,
164,0.16.0,gpt-4o,v1,43,10,,,,,,,,,,,,,,,
165,0.16.0,,,89,0,,,,,,,,,,,,,,,
166,0.16.0,gpt-4o,v1,89,1,,,,,,,,,,,,,,,
167,0.16.0,gpt-4o,v1,89,2,,,,,,,,,,,,,,,
168,0.16.0,gpt-4o,v1,89,3,,,,,,,,,,,,,,,
169,0.16.0,gpt-4o,v1,89,4,,,,,,,,,,,,,,,
170,0.16.0,gpt-4o,v1,89,5,,,,,,,,,,,,,,,
171,0.16.0,gpt-4o,v1,89,6,,,,,,,,,,,,,,,
172,0.16.0,gpt-4o,v1,89,7,,,,,,,,,,,,,,,
173,0.16.0,gpt-4o,v1,89,8,,,,,,,,,,,,,,,
174,0.16.0,gpt-4o,v1,89,9,,,,,,,,,,,,,,,
175,0.16.0,gpt-4o,v1,89,10,,,,,,,,,,,,,,,
176,0.16.0,,,72,0,,,,,,,,,,,,,,,
177,0.16.0,gpt-4o,v1,72,1,,,,,,,,,,,,,,,
178,0.16.0,gpt-4o,v1,72,2,,,,,,,,,,,,,,,
179,0.16.0,gpt-4o,v1,72,3,,,,,,,,,,,,,,,
180,0.16.0,gpt-4o,v1,72,4,,,,,,,,,,,,,,,
181,0.16.0,gpt-4o,v1,72,5,,,,,,,,,,,,,,,
182,0.16.0,gpt-4o,v1,72,6,,,,,,,,,,,,,,,
183,0.16.0,gpt-4o,v1,72,7,,,,,,,,,,,,,,,
184,0.16.0,gpt-4o,v1,72,8,,,,,,,,,,,,,,,
185,0.16.0,gpt-4o,v1,72,9,,,,,,,,,,,,,,,
186,0.16.0,gpt-4o,v1,72,10,,,,,,,,,,,,,,,
187,0.16.0,,,103,0,,,,,,,,,,,,,,,
188,0.16.0,gpt-4o,v1,103,1,,,,,,,,,,,,,,,
189,0.16.0,gpt-4o,v1,103,2,,,,,,,,,,,,,,,
190,0.16.0,gpt-4o,v1,103,3,,,,,,,,,,,,,,,
191,0.16.0,gpt-4o,v1,103,4,,,,,,,,,,,,,,,
192,0.16.0,gpt-4o,v1,103,5,,,,,,,,,,,,,,,
193,0.16.0,gpt-4o,v1,103,6,,,,,,,,,,,,,,,
194,0.16.0,gpt-4o,v1,103,7,,,,,,,,,,,,,,,
195,0.16.0,gpt-4o,v1,103,8,,,,,,,,,,,,,,,
196,0.16.0,gpt-4o,v1,103,9,,,,,,,,,,,,,,,
197,0.16.0,gpt-4o,v1,103,10,,,,,,,,,,,,,,,
198,0.16.0,,,54,0,,,,,,,,,,,,,,,
199,0.16.0,gpt-4o,v1,54,1,,,,,,,,,,,,,,,
200,0.16.0,gpt-4o,v1,54,2,,,,,,,,,,,,,,,
201,0.16.0,gpt-4o,v1,54,3,,,,,,,,,,,,,,,
202,0.16.0,gpt-4o,v1,54,4,,,,,,,,,,,,,,,
203,0.16.0,gpt-4o,v1,54,5,,,,,,,,,,,,,,,
204,0.16.0,gpt-4o,v1,54,6,,,,,,,,,,,,,,,
205,0.16.0,gpt-4o,v1,54,7,,,,,,,,,,,,,,,
206,0.16.0,gpt-4o,v1,54,8,,,,,,,,,,,,,,,
207,0.16.0,gpt-4o,v1,54,9,,,,,,,,,,,,,,,
208,0.16.0,gpt-4o,v1,54,10,,,,,,,,,,,,,,,
209,0.16.0,,,99,0,,,,,,,,,,,,,,,
210,0.16.0,gpt-4o,v1,99,1,,,,,,,,,,,,,,,
211,0.16.0,gpt-4o,v1,99,2,,,,,,,,,,,,,,,
212,0.16.0,gpt-4o,v1,99,3,,,,,,,,,,,,,,,
213,0.16.0,gpt-4o,v1,99,4,,,,,,,,,,,,,,,
214,0.16.0,gpt-4o,v1,99,5,,,,,,,,,,,,,,,
215,0.16.0,gpt-4o,v1,99,6,,,,,,,,,,,,,,,
216,0.16.0,gpt-4o,v1,99,7,,,,,,,,,,,,,,,
217,0.16.0,gpt-4o,v1,99,8,,,,,,,,,,,,,,,
218,0.16.0,gpt-4o,v1,99,9,,,,,,,,,,,,,,,
219,0.16.0,gpt-4o,v1,99,10,,,,,,,,,,,,,,,
220,0.16.0,,,40,0,,,,,,,,,,,,,,,
221,0.16.0,gpt-4o,v1,40,1,,,,,,,,,,,,,,,
222,0.16.0,gpt-4o,v1,40,2,,,,,,,,,,,,,,,
223,0.16.0,gpt-4o,v1,40,3,,,,,,,,,,,,,,,
224,0.16.0,gpt-4o,v1,40,4,,,,,,,,,,,,,,,
225,0.16.0,gpt-4o,v1,40,5,,,,,,,,,,,,,,,
226,0.16.0,gpt-4o,v1,40,6,,,,,,,,,,,,,,,
227,0.16.0,gpt-4o,v1,40,7,,,,,,,,,,,,,,,
228,0.16.0,gpt-4o,v1,40,8,,,,,,,,,,,,,,,
229,0.16.0,gpt-4o,v1,40,9,,,,,,,,,,,,,,,
230,0.16.0,gpt-4o,v1,40,10,,,,,,,,,,,,,,,
231,0.16.0,,,80,0,,,,,,,,,,,,,,,
232,0.16.0,gpt-4o,v1,80,1,,,,,,,,,,,,,,,
233,0.16.0,gpt-4o,v1,80,2,,,,,,,,,,,,,,,
234,0.16.0,gpt-4o,v1,80,3,,,,,,,,,,,,,,,
235,0.16.0,gpt-4o,v1,80,4,,,,,,,,,,,,,,,
236,0.16.0,gpt-4o,v1,80,5,,,,,,,,,,,,,,,
237,0.16.0,gpt-4o,v1,80,6,,,,,,,,,,,,,,,
238,0.16.0,gpt-4o,v1,80,7,,,,,,,,,,,,,,,
239,0.16.0,gpt-4o,v1,80,8,,,,,,,,,,,,,,,
240,0.16.0,gpt-4o,v1,80,9,,,,,,,,,,,,,,,
241,0.16.0,gpt-4o,v1,80,10,,,,,,,,,,,,,,,
242,0.16.0,,,45,0,,,,,,,,,,,,,,,
243,0.16.0,gpt-4o,v1,45,1,,,,,,,,,,,,,,,
244,0.16.0,gpt-4o,v1,45,2,,,,,,,,,,,,,,,
245,0.16.0,gpt-4o,v1,45,3,,,,,,,,,,,,,,,
246,0.16.0,gpt-4o,v1,45,4,,,,,,,,,,,,,,,
247,0.16.0,gpt-4o,v1,45,5,,,,,,,,,,,,,,,
248,0.16.0,gpt-4o,v1,45,6,,,,,,,,,,,,,,,
249,0.16.0,gpt-4o,v1,45,7,,,,,,,,,,,,,,,
250,0.16.0,gpt-4o,v1,45,8,,,,,,,,,,,,,,,
251,0.16.0,gpt-4o,v1,45,9,,,,,,,,,,,,,,,
252,0.16.0,gpt-4o,v1,45,10,,,,,,,,,,,,,,,
253,0.16.0,,,63,0,,,,,,,,,,,,,,,
254,0.16.0,gpt-4o,v1,63,1,,,,,,,,,,,,,,,
255,0.16.0,gpt-4o,v1,63,2,,,,,,,,,,,,,,,
256,0.16.0,gpt-4o,v1,63,3,,,,,,,,,,,,,,,
257,0.16.0,gpt-4o,v1,63,4,,,,,,,,,,,,,,,
258,0.16.0,gpt-4o,v1,63,5,,,,,,,,,,,,,,,
259,0.16.0,gpt-4o,v1,63,6,,,,,,,,,,,,,,,
260,0.16.0,gpt-4o,v1,63,7,,,,,,,,,,,,,,,
261,0.16.0,gpt-4o,v1,63,8,,,,,,,,,,,,,,,
262,0.16.0,gpt-4o,v1,63,9,,,,,,,,,,,,,,,
263,0.16.0,gpt-4o,v1,63,10,,,,,,,,,,,,,,,
264,0.16.0,,,73,0,,,,,,,,,,,,,,,
265,0.16.0,gpt-4o,v1,73,1,,,,,,,,,,,,,,,
266,0.16.0,gpt-4o,v1,73,2,,,,,,,,,,,,,,,
267,0.16.0,gpt-4o,v1,73,3,,,,,,,,,,,,,,,
268,0.16.0,gpt-4o,v1,73,4,,,,,,,,,,,,,,,
269,0.16.0,gpt-4o,v1,73,5,,,,,,,,,,,,,,,
270,0.16.0,gpt-4o,v1,73,6,,,,,,,,,,,,,,,
271,0.16.0,gpt-4o,v1,73,7,,,,,,,,,,,,,,,
272,0.16.0,gpt-4o,v1,73,8,,,,,,,,,,,,,,,
273,0.16.0,gpt-4o,v1,73,9,,,,,,,,,,,,,,,
274,0.16.0,gpt-4o,v1,73,10,,,,,,,,,,,,,,,
275,0.16.0,,,92,0,,,,,,,,,,,,,,,
276,0.16.0,gpt-4o,v1,92,1,,,,,,,,,,,,,,,
277,0.16.0,gpt-4o,v1,92,2,,,,,,,,,,,,,,,
278,0.16.0,gpt-4o,v1,92,3,,,,,,,,,,,,,,,
279,0.16.0,gpt-4o,v1,92,4,,,,,,,,,,,,,,,
280,0.16.0,gpt-4o,v1,92,5,,,,,,,,,,,,,,,
281,0.16.0,gpt-4o,v1,92,6,,,,,,,,,,,,,,,
282,0.16.0,gpt-4o,v1,92,7,,,,,,,,,,,,,,,
283,0.16.0,gpt-4o,v1,92,8,,,,,,,,,,,,,,,
284,0.16.0,gpt-4o,v1,92,9,,,,,,,,,,,,,,,
285,0.16.0,gpt-4o,v1,92,10,,,,,,,,,,,,,,,
286,0.16.0,,,102,0,,,,,,,,,,,,,,,
287,0.16.0,gpt-4o,v1,102,1,,,,,,,,,,,,,,,
288,0.16.0,gpt-4o,v1,102,2,,,,,,,,,,,,,,,
289,0.16.0,gpt-4o,v1,102,3,,,,,,,,,,,,,,,
290,0.16.0,gpt-4o,v1,102,4,,,,,,,,,,,,,,,
291,0.16.0,gpt-4o,v1,102,5,,,,,,,,,,,,,,,
292,0.16.0,gpt-4o,v1,102,6,,,,,,,,,,,,,,,
293,0.16.0,gpt-4o,v1,102,7,,,,,,,,,,,,,,,
294,0.16.0,gpt-4o,v1,102,8,,,,,,,,,,,,,,,
295,0.16.0,gpt-4o,v1,102,9,,,,,,,,,,,,,,,
296,0.16.0,gpt-4o,v1,102,10,,,,,,,,,,,,,,,
297,0.16.0,,,81,0,,,,,,,,,,,,,,,
298,0.16.0,gpt-4o,v1,81,1,,,,,,,,,,,,,,,
299,0.16.0,gpt-4o,v1,81,2,,,,,,,,,,,,,,,
300,0.16.0,gpt-4o,v1,81,3,,,,,,,,,,,,,,,
301,0.16.0,gpt-4o,v1,81,4,,,,,,,,,,,,,,,
302,0.16.0,gpt-4o,v1,81,5,,,,,,,,,,,,,,,
303,0.16.0,gpt-4o,v1,81,6,,,,,,,,,,,,,,,
304,0.16.0,gpt-4o,v1,81,7,,,,,,,,,,,,,,,
305,0.16.0,gpt-4o,v1,81,8,,,,,,,,,,,,,,,
306,0.16.0,gpt-4o,v1,81,9,,,,,,,,,,,,,,,
307,0.16.0,gpt-4o,v1,81,10,,,,,,,,,,,,,,,
308,0.16.0,,,69,0,,,,,,,,,,,,,,,
309,0.16.0,gpt-4o,v1,69,1,,,,,,,,,,,,,,,
310,0.16.0,gpt-4o,v1,69,2,,,,,,,,,,,,,,,
311,0.16.0,gpt-4o,v1,69,3,,,,,,,,,,,,,,,
312,0.16.0,gpt-4o,v1,69,4,,,,,,,,,,,,,,,
313,0.16.0,gpt-4o,v1,69,5,,,,,,,,,,,,,,,
314,0.16.0,gpt-4o,v1,69,6,,,,,,,,,,,,,,,
315,0.16.0,gpt-4o,v1,69,7,,,,,,,,,,,,,,,
316,0.16.0,gpt-4o,v1,69,8,,,,,,,,,,,,,,,
317,0.16.0,gpt-4o,v1,69,9,,,,,,,,,,,,,,,
318,0.16.0,gpt-4o,v1,69,10,,,,,,,,,,,,,,,
319,0.16.0,,,61,0,,,,,,,,,,,,,,,
320,0.16.0,gpt-4o,v1,61,1,,,,,,,,,,,,,,,
321,0.16.0,gpt-4o,v1,61,2,,,,,,,,,,,,,,,
322,0.16.0,gpt-4o,v1,61,3,,,,,,,,,,,,,,,
323,0.16.0,gpt-4o,v1,61,4,,,,,,,,,,,,,,,
324,0.16.0,gpt-4o,v1,61,5,,,,,,,,,,,,,,,
325,0.16.0,gpt-4o,v1,61,6,,,,,,,,,,,,,,,
326,0.16.0,gpt-4o,v1,61,7,,,,,,,,,,,,,,,
327,0.16.0,gpt-4o,v1,61,8,,,,,,,,,,,,,,,
328,0.16.0,gpt-4o,v1,61,9,,,,,,,,,,,,,,,
329,0.16.0,gpt-4o,v1,61,10,,,,,,,,,,,,,,,
330,0.16.0,,,104,0,,,,,,,,,,,,,,,
331,0.16.0,gpt-4o,v1,104,1,,,,,,,,,,,,,,,
332,0.16.0,gpt-4o,v1,104,2,,,,,,,,,,,,,,,
333,0.16.0,gpt-4o,v1,104,3,,,,,,,,,,,,,,,
334,0.16.0,gpt-4o,v1,104,4,,,,,,,,,,,,,,,
335,0.16.0,gpt-4o,v1,104,5,,,,,,,,,,,,,,,
336,0.16.0,gpt-4o,v1,104,6,,,,,,,,,,,,,,,
337,0.16.0,gpt-4o,v1,104,7,,,,,,,,,,,,,,,
338,0.16.0,gpt-4o,v1,104,8,,,,,,,,,,,,,,,
339,0.16.0,gpt-4o,v1,104,9,,,,,,,,,,,,,,,
340,0.16.0,gpt-4o,v1,104,10,,,,,,,,,,,,,,,
341,0.16.0,,,71,0,,,,,,,,,,,,,,,
342,0.16.0,gpt-4o,v1,71,1,,,,,,,,,,,,,,,
343,0.16.0,gpt-4o,v1,71,2,,,,,,,,,,,,,,,
344,0.16.0,gpt-4o,v1,71,3,,,,,,,,,,,,,,,
345,0.16.0,gpt-4o,v1,71,4,,,,,,,,,,,,,,,
346,0.16.0,gpt-4o,v1,71,5,,,,,,,,,,,,,,,
347,0.16.0,gpt-4o,v1,71,6,,,,,,,,,,,,,,,
348,0.16.0,gpt-4o,v1,71,7,,,,,,,,,,,,,,,
349,0.16.0,gpt-4o,v1,71,8,,,,,,,,,,,,,,,
350,0.16.0,gpt-4o,v1,71,9,,,,,,,,,,,,,,,
351,0.16.0,gpt-4o,v1,71,10,,,,,,,,,,,,,,,
352,0.16.0,,,42,0,,,,,,,,,,,,,,,
353,0.16.0,gpt-4o,v1,42,1,,,,,,,,,,,,,,,
354,0.16.0,gpt-4o,v1,42,2,,,,,,,,,,,,,,,
355,0.16.0,gpt-4o,v1,42,3,,,,,,,,,,,,,,,
356,0.16.0,gpt-4o,v1,42,4,,,,,,,,,,,,,,,
357,0.16.0,gpt-4o,v1,42,5,,,,,,,,,,,,,,,
358,0.16.0,gpt-4o,v1,42,6,,,,,,,,,,,,,,,
359,0.16.0,gpt-4o,v1,42,7,,,,,,,,,,,,,,,
360,0.16.0,gpt-4o,v1,42,8,,,,,,,,,,,,,,,
361,0.16.0,gpt-4o,v1,42,9,,,,,,,,,,,,,,,
362,0.16.0,gpt-4o,v1,42,10,,,,,,,,,,,,,,,
363,0.16.0,,,107,0,,,,,,,,,,,,,,,
364,0.16.0,gpt-4o,v1,107,1,,,,,,,,,,,,,,,
365,0.16.0,gpt-4o,v1,107,2,,,,,,,,,,,,,,,
366,0.16.0,gpt-4o,v1,107,3,,,,,,,,,,,,,,,
367,0.16.0,gpt-4o,v1,107,4,,,,,,,,,,,,,,,
368,0.16.0,gpt-4o,v1,107,5,,,,,,,,,,,,,,,
369,0.16.0,gpt-4o,v1,107,6,,,,,,,,,,,,,,,
370,0.16.0,gpt-4o,v1,107,7,,,,,,,,,,,,,,,
371,0.16.0,gpt-4o,v1,107,8,,,,,,,,,,,,,,,
372,0.16.0,gpt-4o,v1,107,9,,,,,,,,,,,,,,,
373,0.16.0,gpt-4o,v1,107,10,,,,,,,,,,,,,,,
374,0.16.0,,,83,0,,,,,,,,,,,,,,,
375,0.16.0,gpt-4o,v1,83,1,,,,,,,,,,,,,,,
376,0.16.0,gpt-4o,v1,83,2,,,,,,,,,,,,,,,
377,0.16.0,gpt-4o,v1,83,3,,,,,,,,,,,,,,,
378,0.16.0,gpt-4o,v1,83,4,,,,,,,,,,,,,,,
379,0.16.0,gpt-4o,v1,83,5,,,,,,,,,,,,,,,
380,0.16.0,gpt-4o,v1,83,6,,,,,,,,,,,,,,,
381,0.16.0,gpt-4o,v1,83,7,,,,,,,,,,,,,,,
382,0.16.0,gpt-4o,v1,83,8,,,,,,,,,,,,,,,
383,0.16.0,gpt-4o,v1,83,9,,,,,,,,,,,,,,,
384,0.16.0,gpt-4o,v1,83,10,,,,,,,,,,,,,,,
385,0.16.0,,,84,0,,,,,,,,,,,,,,,
386,0.16.0,gpt-4o,v1,84,1,,,,,,,,,,,,,,,
387,0.16.0,gpt-4o,v1,84,2,,,,,,,,,,,,,,,
388,0.16.0,gpt-4o,v1,84,3,,,,,,,,,,,,,,,
389,0.16.0,gpt-4o,v1,84,4,,,,,,,,,,,,,,,
390,0.16.0,gpt-4o,v1,84,5,,,,,,,,,,,,,,,
391,0.16.0,gpt-4o,v1,84,6,,,,,,,,,,,,,,,
392,0.16.0,gpt-4o,v1,84,7,,,,,,,,,,,,,,,
393,0.16.0,gpt-4o,v1,84,8,,,,,,,,,,,,,,,
394,0.16.0,gpt-4o,v1,84,9,,,,,,,,,,,,,,,
395,0.16.0,gpt-4o,v1,84,10,,,,,,,,,,,,,,,
396,0.16.0,,,96,0,,,,,,,,,,,,,,,
397,0.16.0,gpt-4o,v1,96,1,,,,,,,,,,,,,,,
398,0.16.0,gpt-4o,v1,96,2,,,,,,,,,,,,,,,
399,0.16.0,gpt-4o,v1,96,3,,,,,,,,,,,,,,,
400,0.16.0,gpt-4o,v1,96,4,,,,,,,,,,,,,,,
401,0.16.0,gpt-4o,v1,96,5,,,,,,,,,,,,,,,
402,0.16.0,gpt-4o,v1,96,6,,,,,,,,,,,,,,,
403,0.16.0,gpt-4o,v1,96,7,,,,,,,,,,,,,,,
404,0.16.0,gpt-4o,v1,96,8,,,,,,,,,,,,,,,
405,0.16.0,gpt-4o,v1,96,9,,,,,,,,,,,,,,,
406,0.16.0,gpt-4o,v1,96,10,,,,,,,,,,,,,,,
407,0.16.0,,,67,0,,,,,,,,,,,,,,,
408,0.16.0,gpt-4o,v1,67,1,,,,,,,,,,,,,,,
409,0.16.0,gpt-4o,v1,67,2,,,,,,,,,,,,,,,
410,0.16.0,gpt-4o,v1,67,3,,,,,,,,,,,,,,,
411,0.16.0,gpt-4o,v1,67,4,,,,,,,,,,,,,,,
412,0.16.0,gpt-4o,v1,67,5,,,,,,,,,,,,,,,
413,0.16.0,gpt-4o,v1,67,6,,,,,,,,,,,,,,,
414,0.16.0,gpt-4o,v1,67,7,,,,,,,,,,,,,,,
415,0.16.0,gpt-4o,v1,67,8,,,,,,,,,,,,,,,
416,0.16.0,gpt-4o,v1,67,9,,,,,,,,,,,,,,,
417,0.16.0,gpt-4o,v1,67,10,,,,,,,,,,,,,,,
418,0.16.0,,,55,0,,,,,,,,,,,,,,,
419,0.16.0,gpt-4o,v1,55,1,,,,,,,,,,,,,,,
420,0.16.0,gpt-4o,v1,55,2,,,,,,,,,,,,,,,
421,0.16.0,gpt-4o,v1,55,3,,,,,,,,,,,,,,,
422,0.16.0,gpt-4o,v1,55,4,,,,,,,,,,,,,,,
423,0.16.0,gpt-4o,v1,55,5,,,,,,,,,,,,,,,
424,0.16.0,gpt-4o,v1,55,6,,,,,,,,,,,,,,,
425,0.16.0,gpt-4o,v1,55,7,,,,,,,,,,,,,,,
426,0.16.0,gpt-4o,v1,55,8,,,,,,,,,,,,,,,
427,0.16.0,gpt-4o,v1,55,9,,,,,,,,,,,,,,,
428,0.16.0,gpt-4o,v1,55,10,,,,,,,,,,,,,,,
429,0.16.0,,,47,0,,,,,,,,,,,,,,,
430,0.16.0,gpt-4o,v1,47,1,,,,,,,,,,,,,,,
431,0.16.0,gpt-4o,v1,47,2,,,,,,,,,,,,,,,
432,0.16.0,gpt-4o,v1,47,3,,,,,,,,,,,,,,,
433,0.16.0,gpt-4o,v1,47,4,,,,,,,,,,,,,,,
434,0.16.0,gpt-4o,v1,47,5,,,,,,,,,,,,,,,
435,0.16.0,gpt-4o,v1,47,6,,,,,,,,,,,,,,,
436,0.16.0,gpt-4o,v1,47,7,,,,,,,,,,,,,,,
437,0.16.0,gpt-4o,v1,47,8,,,,,,,,,,,,,,,
438,0.16.0,gpt-4o,v1,47,9,,,,,,,,,,,,,,,
439,0.16.0,gpt-4o,v1,47,10,,,,,,,,,,,,,,,
440,0.16.0,,,79,0,,,,,,,,,,,,,,,
441,0.16.0,gpt-4o,v1,79,1,,,,,,,,,,,,,,,
442,0.16.0,gpt-4o,v1,79,2,,,,,,,,,,,,,,,
443,0.16.0,gpt-4o,v1,79,3,,,,,,,,,,,,,,,
444,0.16.0,gpt-4o,v1,79,4,,,,,,,,,,,,,,,
445,0.16.0,gpt-4o,v1,79,5,,,,,,,,,,,,,,,
446,0.16.0,gpt-4o,v1,79,6,,,,,,,,,,,,,,,
447,0.16.0,gpt-4o,v1,79,7,,,,,,,,,,,,,,,
448,0.16.0,gpt-4o,v1,79,8,,,,,,,,,,,,,,,
449,0.16.0,gpt-4o,v1,79,9,,,,,,,,,,,,,,,
450,0.16.0,gpt-4o,v1,79,10,,,,,,,,,,,,,,,
451,0.16.0,,,94,0,,,,,,,,,,,,,,,
452,0.16.0,gpt-4o,v1,94,1,,,,,,,,,,,,,,,
453,0.16.0,gpt-4o,v1,94,2,,,,,,,,,,,,,,,
454,0.16.0,gpt-4o,v1,94,3,,,,,,,,,,,,,,,
455,0.16.0,gpt-4o,v1,94,4,,,,,,,,,,,,,,,
456,0.16.0,gpt-4o,v1,94,5,,,,,,,,,,,,,,,
457,0.16.0,gpt-4o,v1,94,6,,,,,,,,,,,,,,,
458,0.16.0,gpt-4o,v1,94,7,,,,,,,,,,,,,,,
459,0.16.0,gpt-4o,v1,94,8,,,,,,,,,,,,,,,
460,0.16.0,gpt-4o,v1,94,9,,,,,,,,,,,,,,,
461,0.16.0,gpt-4o,v1,94,10,,,,,,,,,,,,,,,
462,0.16.0,,,90,0,,,,,,,,,,,,,,,
463,0.16.0,gpt-4o,v1,90,1,,,,,,,,,,,,,,,
464,0.16.0,gpt-4o,v1,90,2,,,,,,,,,,,,,,,
465,0.16.0,gpt-4o,v1,90,3,,,,,,,,,,,,,,,
466,0.16.0,gpt-4o,v1,90,4,,,,,,,,,,,,,,,
467,0.16.0,gpt-4o,v1,90,5,,,,,,,,,,,,,,,
468,0.16.0,gpt-4o,v1,90,6,,,,,,,,,,,,,,,
469,0.16.0,gpt-4o,v1,90,7,,,,,,,,,,,,,,,
470,0.16.0,gpt-4o,v1,90,8,,,,,,,,,,,,,,,
471,0.16.0,gpt-4o,v1,90,9,,,,,,,,,,,,,,,
472,0.16.0,gpt-4o,v1,90,10,,,,,,,,,,,,,,,
473,0.16.0,,,51,0,,,,,,,,,,,,,,,
474,0.16.0,gpt-4o,v1,51,1,,,,,,,,,,,,,,,
475,0.16.0,gpt-4o,v1,51,2,,,,,,,,,,,,,,,
476,0.16.0,gpt-4o,v1,51,3,,,,,,,,,,,,,,,
477,0.16.0,gpt-4o,v1,51,4,,,,,,,,,,,,,,,
478,0.16.0,gpt-4o,v1,51,5,,,,,,,,,,,,,,,
479,0.16.0,gpt-4o,v1,51,6,,,,,,,,,,,,,,,
480,0.16.0,gpt-4o,v1,51,7,,,,,,,,,,,,,,,
481,0.16.0,gpt-4o,v1,51,8,,,,,,,,,,,,,,,
482,0.16.0,gpt-4o,v1,51,9,,,,,,,,,,,,,,,
483,0.16.0,gpt-4o,v1,51,10,,,,,,,,,,,,,,,
484,0.16.0,,,59,0,,,,,,,,,,,,,,,
485,0.16.0,gpt-4o,v1,59,1,,,,,,,,,,,,,,,
486,0.16.0,gpt-4o,v1,59,2,,,,,,,,,,,,,,,
487,0.16.0,gpt-4o,v1,59,3,,,,,,,,,,,,,,,
488,0.16.0,gpt-4o,v1,59,4,,,,,,,,,,,,,,,
489,0.16.0,gpt-4o,v1,59,5,,,,,,,,,,,,,,,
490,0.16.0,gpt-4o,v1,59,6,,,,,,,,,,,,,,,
491,0.16.0,gpt-4o,v1,59,7,,,,,,,,,,,,,,,
492,0.16.0,gpt-4o,v1,59,8,,,,,,,,,,,,,,,
493,0.16.0,gpt-4o,v1,59,9,,,,,,,,,,,,,,,
494,0.16.0,gpt-4o,v1,59,10,,,,,,,,,,,,,,,
495,0.16.0,,,100,0,,,,,,,,,,,,,,,
496,0.16.0,gpt-4o,v1,100,1,,,,,,,,,,,,,,,
497,0.16.0,gpt-4o,v1,100,2,,,,,,,,,,,,,,,
498,0.16.0,gpt-4o,v1,100,3,,,,,,,,,,,,,,,
499,0.16.0,gpt-4o,v1,100,4,,,,,,,,,,,,,,,
500,0.16.0,gpt-4o,v1,100,5,,,,,,,,,,,,,,,
501,0.16.0,gpt-4o,v1,100,6,,,,,,,,,,,,,,,
502,0.16.0,gpt-4o,v1,100,7,,,,,,,,,,,,,,,
503,0.16.0,gpt-4o,v1,100,8,,,,,,,,,,,,,,,
504,0.16.0,gpt-4o,v1,100,9,,,,,,,,,,,,,,,
505,0.16.0,gpt-4o,v1,100,10,,,,,,,,,,,,,,,
506,0.16.0,,,106,0,,,,,,,,,,,,,,,
507,0.16.0,gpt-4o,v1,106,1,,,,,,,,,,,,,,,
508,0.16.0,gpt-4o,v1,106,2,,,,,,,,,,,,,,,
509,0.16.0,gpt-4o,v1,106,3,,,,,,,,,,,,,,,
510,0.16.0,gpt-4o,v1,106,4,,,,,,,,,,,,,,,
511,0.16.0,gpt-4o,v1,106,5,,,,,,,,,,,,,,,
512,0.16.0,gpt-4o,v1,106,6,,,,,,,,,,,,,,,
513,0.16.0,gpt-4o,v1,106,7,,,,,,,,,,,,,,,
514,0.16.0,gpt-4o,v1,106,8,,,,,,,,,,,,,,,
515,0.16.0,gpt-4o,v1,106,9,,,,,,,,,,,,,,,
516,0.16.0,gpt-4o,v1,106,10,,,,,,,,,,,,,,,
517,0.16.0,,,56,0,,,,,,,,,,,,,,,
518,0.16.0,gpt-4o,v1,56,1,,,,,,,,,,,,,,,
519,0.16.0,gpt-4o,v1,56,2,,,,,,,,,,,,,,,
520,0.16.0,gpt-4o,v1,56,3,,,,,,,,,,,,,,,
521,0.16.0,gpt-4o,v1,56,4,,,,,,,,,,,,,,,
522,0.16.0,gpt-4o,v1,56,5,,,,,,,,,,,,,,,
523,0.16.0,gpt-4o,v1,56,6,,,,,,,,,,,,,,,
524,0.16.0,gpt-4o,v1,56,7,,,,,,,,,,,,,,,
525,0.16.0,gpt-4o,v1,56,8,,,,,,,,,,,,,,,
526,0.16.0,gpt-4o,v1,56,9,,,,,,,,,,,,,,,
527,0.16.0,gpt-4o,v1,56,10,,,,,,,,,,,,,,,
528,0.16.0,,,48,0,,,,,,,,,,,,,,,
529,0.16.0,gpt-4o,v1,48,1,,,,,,,,,,,,,,,
530,0.16.0,gpt-4o,v1,48,2,,,,,,,,,,,,,,,
531,0.16.0,gpt-4o,v1,48,3,,,,,,,,,,,,,,,
532,0.16.0,gpt-4o,v1,48,4,,,,,,,,,,,,,,,
533,0.16.0,gpt-4o,v1,48,5,,,,,,,,,,,,,,,
534,0.16.0,gpt-4o,v1,48,6,,,,,,,,,,,,,,,
535,0.16.0,gpt-4o,v1,48,7,,,,,,,,,,,,,,,
536,0.16.0,gpt-4o,v1,48,8,,,,,,,,,,,,,,,
537,0.16.0,gpt-4o,v1,48,9,,,,,,,,,,,,,,,
538,0.16.0,gpt-4o,v1,48,10,,,,,,,,,,,,,,,
539,0.16.0,,,58,0,,,,,,,,,,,,,,,
540,0.16.0,gpt-4o,v1,58,1,,,,,,,,,,,,,,,
541,0.16.0,gpt-4o,v1,58,2,,,,,,,,,,,,,,,
542,0.16.0,gpt-4o,v1,58,3,,,,,,,,,,,,,,,
543,0.16.0,gpt-4o,v1,58,4,,,,,,,,,,,,,,,
544,0.16.0,gpt-4o,v1,58,5,,,,,,,,,,,,,,,
545,0.16.0,gpt-4o,v1,58,6,,,,,,,,,,,,,,,
546,0.16.0,gpt-4o,v1,58,7,,,,,,,,,,,,,,,
547,0.16.0,gpt-4o,v1,58,8,,,,,,,,,,,,,,,
548,0.16.0,gpt-4o,v1,58,9,,,,,,,,,,,,,,,
549,0.16.0,gpt-4o,v1,58,10,,,,,,,,,,,,,,,
550,0.16.0,,,78,0,,,,,,,,,,,,,,,
551,0.16.0,gpt-4o,v1,78,1,,,,,,,,,,,,,,,
552,0.16.0,gpt-4o,v1,78,2,,,,,,,,,,,,,,,
553,0.16.0,gpt-4o,v1,78,3,,,,,,,,,,,,,,,
554,0.16.0,gpt-4o,v1,78,4,,,,,,,,,,,,,,,
555,0.16.0,gpt-4o,v1,78,5,,,,,,,,,,,,,,,
556,0.16.0,gpt-4o,v1,78,6,,,,,,,,,,,,,,,
557,0.16.0,gpt-4o,v1,78,7,,,,,,,,,,,,,,,
558,0.16.0,gpt-4o,v1,78,8,,,,,,,,,,,,,,,
559,0.16.0,gpt-4o,v1,78,9,,,,,,,,,,,,,,,
560,0.16.0,gpt-4o,v1,78,10,,,,,,,,,,,,,,,
561,0.16.0,,,39,0,,,,,,,,,,,,,,,
562,0.16.0,gpt-4o,v1,39,1,,,,,,,,,,,,,,,
563,0.16.0,gpt-4o,v1,39,2,,,,,,,,,,,,,,,
564,0.16.0,gpt-4o,v1,39,3,,,,,,,,,,,,,,,
565,0.16.0,gpt-4o,v1,39,4,,,,,,,,,,,,,,,
566,0.16.0,gpt-4o,v1,39,5,,,,,,,,,,,,,,,
567,0.16.0,gpt-4o,v1,39,6,,,,,,,,,,,,,,,
568,0.16.0,gpt-4o,v1,39,7,,,,,,,,,,,,,,,
569,0.16.0,gpt-4o,v1,39,8,,,,,,,,,,,,,,,
570,0.16.0,gpt-4o,v1,39,9,,,,,,,,,,,,,,,
571,0.16.0,gpt-4o,v1,39,10,,,,,,,,,,,,,,,
